seqID	family	cluster	isBegin	isEnd	isLen	ncopy4is	start1	end1	start2	end2	score	irId	irLen	nGaps	orfBegin	orfEnd	strand	orfLen	E-value	E-value4copy	type	ov	tir
qb307082014_I_scaffold_0	ISNCY	ISNCY_229	362714	363978	1265	1	362714	362733	363959	363978	24	16	20	0	362856	363845	+	990	2e-136	2e-136	c	1	CCTGCTTGAAGAGAATCAGC:CCAGCTTGAAGTGCATCTGC
qb307082014_I_scaffold_1	IS3	IS3_277	29932	31150	1219	1	29932	29947	31135	31150	20	13	16	0	30066	31134	+	1069	2.7e-69	2.7e-69	c	1	TAATCTAGACACTTCT:TAATATGGACACTGCT
qb307082014_I_scaffold_1	IS481	IS481_240	562014	563317	1304	1	562014	562026	563305	563317	22	12	13	0	562384	563229	-	846	1.7e-13	1.7e-13	p	1	CGAAAGGAGAAAT:CGAAAGGTGAAAT
qb307082014_I_scaffold_1038	IS200/IS605	IS200/IS605_96	1	110	110	1	0	0	0	0	0	0	0	0	1	110	+	110	8.1e-13	8.1e-13	p	1	-:-
qb307082014_I_scaffold_1051	IS21	IS21_122	126	1394	1269	1	126	146	1374	1394	18	15	21	0	1	1478	+	1478	4e-46	4e-46	p	1	GAAAGTTATGTCTGTGACATT:GAAAGTCATCTCGTTCATATT
qb307082014_I_scaffold_1052	IS21	IS21_122	131	1452	1322	1	131	140	1443	1452	16	9	10	0	1	1478	+	1478	1.4e-47	1.4e-47	p	1	TTATGTCTGT:TTATATCTGT
qb307082014_I_scaffold_1076	IS982	IS982_263|IS982||protein:plasmid:140967	519	1284	766	1	519	529	1274	1284	18	10	11	0	937	1413	+	477	8.8e-39	8.8e-39	p	1	ACTGTTGCCGG:ACTGATGCCGG
qb307082014_I_scaffold_110	IS256	IS256_162	20411	21536	1126	1	20411	20423	21524	21536	22	12	13	0	20659	21634	-	976	7.7e-150	7.7e-150	p	1	TGACAAAATCATT:TGACTAAATCATT
qb307082014_I_scaffold_1112	IS256	IS256_162	3	1336	1334	1	3	29	1310	1336	34	22	27	0	1	1231	-	1231	7e-179	7e-179	c	1	GAGCGTCAATAATTTTGTGTAAATAAA:GAGTGTAAAATATTTTGTGTAAATGAA
qb307082014_I_scaffold_115	IS6	IS6_292	2801	3373	573	1	2801	2825	3349	3373	26	19	25	0	2871	3367	-	497	1.6e-32	1.6e-32	p	1	TTTTTAATGGCTTTCAGTGAAGGTG:TTTGTGATGGTTTTATGGGAAGGTG
qb307082014_I_scaffold_1186	ISL3	ISL3_111	76	1118	1043	1	76	86	1108	1118	18	10	11	0	1	1145	-	1145	8.1e-18	8.1e-18	p	1	ATCCTTCCAGA:ATCCTTCCGGA
qb307082014_I_scaffold_12	IS21	IS21_259	13637	15485	1849	1	13637	13648	15474	15485	20	11	12	0	13973	15274	-	1302	1.6e-12	1.6e-12	p	1	CCAATTAATGTT:CCAATTAATCTT
qb307082014_I_scaffold_1271	IS5	IS5_302	103	945	843	1	103	122	926	945	36	19	20	0	1	1067	-	1067	1.5e-65	1.5e-65	c	1	CCTAGGGTCAGGACTCGTTA:CCTAGGGTCAGGACTCATTA
qb307082014_I_scaffold_137	IS66	IS66_43	255	2245	1991	1	255	281	2219	2245	26	20	27	0	284	2131	-	1848	4.6e-56	4.6e-56	c	1	TAAAAAAGAGTCTATAAATTTAACGAT:TAATAACGAGCATAAAGATTTAATGAT
qb307082014_I_scaffold_145	IS30	IS30_241	5121	5853	733	1	5121	5175	5800	5853	32	37	55	1	5256	5893	+	638	1.6e-47	1.6e-47	p	1	AAGTCAACGCTTTCATTAAGGATTTTGTTACTTTTTTAATTCGCCGATTGTAAAA:AATTCAATGATTTCCTT-GGAATGTGATTTCTTTTTGATACCACCGATTGGATAA
qb307082014_I_scaffold_145	IS3	IS3_176	10900	12264	1365	1	10900	10938	12226	12264	22	25	39	0	11028	12189	-	1162	7.2e-110	7.2e-110	c	1	TGGAATGGCAACAGTTTTTTTGACAAATTTTATAAGGTG:TGGATAGGCTACAATTAACTAGACAGAAAAATTAAGGTG
qb307082014_I_scaffold_146	IS3	IS3_480	10310	11098	789	1	10310	10343	11065	11098	20	22	34	0	10405	10967	+	563	1.9e-19	1.9e-19	p	1	TTGAATTCACGTTAAAATGAATTTAACTAGGAGG:TTGAAGACAAATACAATTGATTTTTACCAAAAGG
qb307082014_I_scaffold_146	IS3	IS3_168	10946	11859	914	1	10946	10959	11846	11859	24	13	14	0	11101	11443	+	343	5.2e-18	5.2e-18	p	1	TGAAAATGAAGAAA:TGAAAAAGAAGAAA
qb307082014_I_scaffold_15	IS256	IS256_47	134356	135701	1346	1	134356	134376	135681	135701	34	19	21	0	134440	135657	+	1218	5.3e-127	5.3e-127	c	1	AATATTTTGTGTAAATGGAAA:AAAATTCTGTGTAAATGGAAA
qb307082014_I_scaffold_15	IS21	IS21_38	138914	140388	1475	1	138914	138943	140359	140388	20	20	30	0	138831	140429	+	1599	9.4e-74	9.4e-74	p	1	TCATGTCAGCCGTCATACCGTTGACAATAT:TCATGAGCGCCGTGATGCCTTCAAGCATAT
qb307082014_I_scaffold_15	IS21	IS21_259	140427	141210	784	1	140427	140440	141197	141210	24	13	14	0	140648	141196	+	549	9.9e-54	9.9e-54	p	1	TAAGTTTATAATAT:TAAGTTTAAAATAT
qb307082014_I_scaffold_15	IS66	IS66_393	183246	183816	571	1	183246	183270	183791	183816	26	21	26	1	183274	183893	+	620	6.2e-16	6.2e-16	p	1	TTTTTGCCATA-TATAAAAATGAATC:TTTTTGCCAAAGAATAAAAATACATC
qb307082014_I_scaffold_160	IS21	IS21_288	6740	8267	1528	1	6740	6783	8225	8267	34	32	44	1	6976	7968	+	993	3e-11	3e-11	p	1	ATTAAAAATTGGAATGAAAAAAATATAAAAAATTTAAATGATTT:ATTAAAAA-TGAAATTAAACATACAACAAAATTTTGAATTACTT
qb307082014_I_scaffold_1602	IS66	IS66_43	105	1736	1632	1	105	127	1714	1736	18	16	23	0	331	1806	+	1476	2.3e-32	2.3e-32	p	1	CCGTTCGTATAGTCTTTTCGAGA:CCGTTCCGCCAGATTGTTCGAGA
qb307082014_I_scaffold_167	IS200/IS605	IS200/IS605_186|IS200/IS605||protein:plasmid:14592	13684	14244	561	1	0	0	0	0	0	0	0	0	13684	14244	-	561	4.1e-17	4.1e-17	p	1	-:-
qb307082014_I_scaffold_17	IS200/IS605	IS200/IS605_96	139760	140830	1071	1	0	0	0	0	0	0	0	0	139760	140830	-	1071	2.1e-69	2.1e-69	c	1	-:-
qb307082014_I_scaffold_17	IS3	IS3_97	164694	164853	160	1	0	0	0	0	0	0	0	0	164694	164853	-	160	1.3e-13	1.3e-13	p	1	-:-
qb307082014_I_scaffold_178	IS110	IS110_236	3054	3944	891	1	3054	3087	3912	3944	22	24	34	1	3066	3849	-	784	2.5e-32	2.5e-32	p	1	ATGAGAATGCGGCTACATAAAGTTGGCTTCTGAG:ATCAGAAACCGGATAGTTCAA-TGGGCTTTTGAG
qb307082014_I_scaffold_18	IS30	IS30_241	23246	24297	1052	1	23246	23267	24276	24297	36	20	22	0	23250	24209	-	960	2e-143	2e-143	c	1	ATTGTCAAATTAAGTTAGACAA:ATTGTAAAATTAAGCTAGACAA
qb307082014_I_scaffold_198	IS21	IS21_259	25	202	178	1	25	40	188	202	18	14	16	1	1	324	+	324	1.3e-27	1.3e-27	p	1	GCACAGCTGCTGGCAA:GCAGAGC-GCTGGCAA
qb307082014_I_scaffold_2	IS21	IS21_259	269634	270829	1196	1	269634	269651	270812	270829	24	15	18	0	269873	270610	+	738	2.9e-14	2.9e-14	p	1	CAGCGGCAGGCCGCGCTG:CAGCGACATGCCGCCCTG
qb307082014_I_scaffold_2	ISNCY	ISNCY_229	284665	286110	1446	1	284665	284678	286097	286110	24	13	14	0	284725	285639	-	915	7.1e-140	7.1e-140	c	1	AATAAGCCCGCCCG:AATAAGCGCGCCCG
qb307082014_I_scaffold_2	IS3	IS3_204	324910	326108	1199	1	324910	324928	326090	326108	22	15	19	0	324869	326232	+	1364	6e-107	6e-107	c	1	ATATCCCCTACATCAATCA:ATTTCCCGTACTTCATTCA
qb307082014_I_scaffold_2050	IS30	IS30_241	4	1062	1059	1	4	28	1038	1062	38	22	25	0	97	1056	+	960	4.3e-158	4.3e-158	c	1	GAATTGTAAAATTAAGTTAGAAAAA:GATTTGTCAAATTAAGTTAGAATAA
qb307082014_I_scaffold_208	IS1	IS1_316	4908	7174	2267	1	4908	4919	7163	7174	20	11	12	0	4800	6793	-	1994	1.7e-11	1.7e-11	p	1	CAAAGGATAAAA:CAATGGATAAAA
qb307082014_I_scaffold_23	IS4	IS4_148	173865	175133	1269	1	173865	173913	175084	175133	52	43	51	3	173982	175145	+	1164	1.7e-112	1.7e-112	c	1	TCCCGTAA-AAGTGGA-TAAATAGTTCTTTGAAATAATTGAAATATAGTCT:TCCCGGAATAAGGGGATTAAATTGTTCTTTGACATCATTGAAAT-TAGTCT
qb307082014_I_scaffold_23	IS66	IS66_43	188741	190801	2061	1	188741	188755	190787	190801	22	13	15	0	188708	190381	-	1674	5.6e-110	5.6e-110	c	1	AACGGATAATATCTT:AACAGATATTATCTT
qb307082014_I_scaffold_23	IS66	IS66_393	190518	191552	1035	1	190518	190536	191533	191552	22	17	20	1	190457	191182	-	726	5.8e-18	5.8e-18	p	1	ACCATCAT-CACAAGGTCAT:ACCATCATGCAGAAGGCCAT
qb307082014_I_scaffold_250	IS982	IS982_263|IS982||protein:plasmid:140967	9085	9722	638	1	9085	9110	9697	9722	20	18	26	0	9309	9812	-	504	3.8e-48	3.8e-48	p	1	CAATGATACAGTGGGGACCCAAAATT:CAATGACAAAGGAGAGATCCTCAATT
qb307082014_I_scaffold_259	IS4	IS4_148	166	1625	1460	1	166	190	1601	1625	30	20	25	0	270	1505	-	1236	8.3e-70	8.3e-70	c	1	TTTCAAATCATTGCTGTCCGCTAAA:TTTGAAAATATTGGTGTCCGGTAAA
qb307082014_I_scaffold_26	IS1182	IS1182_42	69302	71151	1850	1	69302	69326	71127	71151	38	22	25	0	69375	71132	-	1758	5.1e-231	5.1e-231	c	1	AAAATGGAGGTGTGTCGTAATGCAC:AAAATGAAGGTGTGTCAAAATGCAC
qb307082014_I_scaffold_3	IS21	IS21_259	51793	55762	3970	1	51793	51814	55742	55762	22	18	22	1	51793	55386	+	3594	8.2e-12	8.2e-12	p	1	GTGGAGTCCGCCGTGTCACTTT:GTGCAGACCGCCG-GACACTTT
qb307082014_I_scaffold_34	IS256	IS256_47	1198	1879	682	1	1198	1216	1861	1879	26	16	19	0	1124	1628	+	505	6e-22	6e-22	p	1	AGGTAAAGACGGTGCTTTT:AGATAAAGATTGTGCTTTT
qb307082014_I_scaffold_40	IS21	IS21_35	218	2041	1824	1	218	234	2025	2041	22	14	17	0	564	1949	+	1386	1.7e-89	1.7e-89	p	1	AGCGGAGTCGTTCAATG:AGTGGATTCGCTCAATG
qb307082014_I_scaffold_408	IS607	IS607_72	4415	5396	982	1	4415	4430	5381	5396	24	14	16	0	4884	5460	+	577	7.1e-20	7.1e-20	p	1	TTGTGGAACAGTTATA:TTGTGGAACTTTTATA
qb307082014_I_scaffold_45	IS1182	IS1182_42	1531	3027	1497	1	1531	1551	3007	3027	34	19	21	0	1528	2772	+	1245	6.8e-60	6.8e-60	c	1	AAACAAATATTATTATTCATA:AAGCAAATATTTTTATTCATA
qb307082014_I_scaffold_459	IS200/IS605	IS200/IS605_384	3729	4728	1000	1	0	0	0	0	0	0	0	0	3729	4728	+	1000	6.7e-47	6.7e-47	p	1	-:-
qb307082014_I_scaffold_46	IS21	IS21_259	73482	75023	1542	1	73482	73514	74991	75023	34	25	33	0	73522	74865	-	1344	3.7e-14	3.7e-14	p	1	TGTGGATAACTTTGTTCTTTTTTGTTTAGTTTT:TGTGGAAAACTTTTTTCACCCTTGTGTACTTTT
qb307082014_I_scaffold_47	IS3	IS3_97	75854	76013	160	1	0	0	0	0	0	0	0	0	75854	76013	-	160	1.3e-13	1.3e-13	p	1	-:-
qb307082014_I_scaffold_497	IS256	IS256_162	22	1092	1071	1	22	33	1081	1092	20	11	12	0	1	926	-	926	1.4e-50	1.4e-50	p	1	ATACATTTTCTC:ATACAATTTCTC
qb307082014_I_scaffold_5	IS3	IS3_176	28876	30312	1437	1	28876	28885	30303	30312	20	10	10	0	29214	29930	+	717	2.9e-47	2.9e-47	p	1	TTTAAATCCT:TTTAAATCCT
qb307082014_I_scaffold_50	IS982	IS982_260	37510	38649	1140	1	37510	37559	38601	38649	58	41	50	1	37681	38583	+	903	7.2e-13	7.2e-13	p	1	TTTAGATGAAAATACATTTGGTTTTTAATATTAATGCGAATCAGCAGTTG:TTTATCTGAAAATGCA-TACATATTTAATAATAATGCGAATCAGCAGTTG
qb307082014_I_scaffold_54	IS982	IS982_263|IS982||protein:plasmid:140967	61093	62128	1036	1	61093	61111	62110	62128	30	17	19	0	61372	61935	-	564	7.8e-51	7.8e-51	c	1	TAACGTGAGTTCGACATAA:TAACGTGAGCTCGATATAA
qb307082014_I_scaffold_54	IS982	IS982_263|IS982||protein:plasmid:140967	63143	64165	1023	1	63143	63162	64146	64165	32	18	20	0	63167	63805	-	639	2.8e-53	2.8e-53	c	1	AATTAACGTGAGTTCGACAT:AATTAACGTGAATTCGATAT
qb307082014_I_scaffold_567	IS607	IS607_72	2697	3563	867	1	2697	2734	3526	3563	28	26	38	0	2692	3205	+	514	3.5e-27	3.5e-27	p	1	CATTTTATCTCGAAAAAAGTATATTAAGTATGGTATAA:CAATTTATCTCTATAAAAATTTGCAAAATAGTTTATAA
qb307082014_I_scaffold_57	IS1380	IS1380_141	45144	46773	1630	1	45144	45176	46741	46773	30	24	33	0	45355	46584	+	1230	5.8e-11	5.8e-11	p	1	CAACACATCTTTTATATACCTTAATTCCGCAAC:CAATACGCTTTTCATAAGCCTCAAATCCGCAAC
qb307082014_I_scaffold_573	IS30	IS30_173	1164	2449	1286	1	1164	1189	2424	2449	24	19	26	0	1052	2424	-	1373	9.7e-102	9.7e-102	c	1	GAAATAATAAAAAGATTTCTATTTAA:GAAATCATTGTAAAATTTCTTTATAA
qb307082014_I_scaffold_58	IS3	IS3_61	38730	42299	3570	1	38730	38750	42279	42299	22	16	21	0	39174	41864	+	2691	8.6e-113	8.6e-113	c	1	GATGCAGAAGGCCGACACGGA:GATGGTGAAGACCGCCACCGA
qb307082014_I_scaffold_59	IS21	IS21_259	54573	57455	2883	1	54573	54592	57436	57455	24	16	20	0	54442	57185	+	2744	7.7e-17	7.7e-17	p	1	AGCCGAGACCACTACCTGCG:AGCCGAACTCACTACCGGCG
qb307082014_I_scaffold_591	IS982	IS982_263|IS982||protein:plasmid:140967	1958	3657	1700	1	1958	1968	3647	3657	22	11	11	0	2177	3162	+	986	2.8e-13	2.8e-13	p	1	TGAAGCATACA:TGAAGCATACA
qb307082014_I_scaffold_63	IS21	IS21_259	29578	31505	1928	1	29578	29593	31490	31505	24	14	16	0	29649	31055	+	1407	1e-11	1e-11	p	1	ATTTGTTTTTTCAGAA:ATTTGTTTTTTGGGAA
qb307082014_I_scaffold_65	IS21	IS21_259	23092	25854	2763	1	23092	23116	25830	25854	22	18	25	0	23067	25804	+	2738	1.3e-62	1.3e-62	c	1	TACATATATACTTTTTAAGTAAATT:TACACACCTCATTTTTATGTAATTT
qb307082014_I_scaffold_667	IS1182	IS1182_42	1192	3001	1810	1	1192	1214	2979	3001	34	20	23	0	1345	2856	-	1512	1e-183	1e-183	c	1	TTAAAAAGAGGCTGTCTCAAAAT:TTTACAGGAGGCTGTCTCAAAAT
qb307082014_I_scaffold_7	IS1182	IS1182_42	97081	98811	1731	1	97081	97121	98772	98811	32	30	41	1	97249	98702	+	1454	6.9e-141	6.9e-141	c	1	ACAGTTACATTTGCACATAAAATAAACAAGGCTGTCTCAAA:ACAGATACAAATTTAC-TAAAAAAGGAGAGGCTGTCTCAAA
qb307082014_I_scaffold_7	IS1182	IS1182_42	282631	283588	958	1	282631	282658	283561	283588	24	20	28	0	283037	283571	+	535	2.8e-44	2.8e-44	p	1	TAAAGAATGCCCTTTATTTTAAATCCAA:TAATGAATGTCCCTTCTTTAAGCTGCAA
qb307082014_I_scaffold_737	IS256	IS256_47	5837	6758	922	1	5837	5900	6698	6758	26	43	64	3	6236	6776	+	541	4.7e-22	4.7e-22	p	1	AGGGACATCTTCGGATTTTATATGTGTTGATATTTTTAATAATAGTGATTTTAGGATTTCCTGT:AGGAACATCTCGGCAAATTTTAT-CATAAATAAGTTT-ATAATACT-TTTTTATAATATCCTGT
qb307082014_I_scaffold_80	ISAS1	ISAS1_192	24251	25132	882	1	24251	24283	25101	25132	28	25	33	1	24180	24848	+	669	3.1e-57	3.1e-57	p	1	AATGGAAACTATTATCTATATATCCATTGCTGC:AATGAAGATTATTCTCAATAGA-CCAATGCTGC
qb307082014_I_scaffold_802	IS1380	IS1380_141	75	1642	1568	1	75	87	1630	1642	22	12	13	0	122	1348	+	1227	2.8e-12	2.8e-12	p	1	TTATCTAAATTTT:TTATCTAATTTTT
qb307082014_I_scaffold_831	IS66	IS66_43	120	1700	1581	1	120	139	1681	1700	20	15	20	0	1	1581	-	1581	1.2e-113	1.2e-113	c	1	CTGCATGTGCTGCCTCATGT:CTGAATGAGCTGCTTACTGT
qb307082014_I_scaffold_94	IS21	IS21_259	18062	19768	1707	1	18062	18147	19683	19768	46	58	87	2	18127	19446	+	1320	1.9e-14	1.9e-14	p	1	TATTTTTGCTTTTCTGTTAATAACTTTGTGGAAAATATTAATTAT-TCTGTTCGGAGGTTTATATTATGGATATAGTTTCTTTATGG:TATTGTTGTTTTTCCATTAATAGCTTTTTGAGCAATTCCAATTCTATTTGCTAGGATTTTTTGATTACAAAT-TATTTTCAATGTGG
